,Gold_Force,Force_Marker,Gold_Marker,Subject
0,0,2,2,GNVTD01b11.c3d
1,0,2,2,GNVTD01b11.c3d
0,1,2,1,GNVTD01b13.c3d
1,0,1,1,GNVTD01b13.c3d
0,1,3,2,GNVTD01b14.c3d
1,1,2,1,GNVTD01b14.c3d
0,0,2,2,GNVTD02a04.c3d
1,1,0,1,GNVTD02a04.c3d
0,0,0,0,GNVTD02a05.c3d
1,1,1,0,GNVTD02a05.c3d
0,2,3,1,GNVTD02a07.c3d
1,1,1,0,GNVTD02a07.c3d
0,0,1,1,GNVTD03a05.c3d
1,0,0,0,GNVTD03a05.c3d
0,1,0,1,GNVTD03a06.c3d
1,0,0,0,GNVTD03a06.c3d
0,1,1,2,GNVTD03a08.c3d
1,0,0,0,GNVTD03a08.c3d
0,1,0,1,GNVTD04a02.c3d
1,0,0,0,GNVTD04a02.c3d
0,1,0,1,GNVTD04a04.c3d
1,0,0,0,GNVTD04a04.c3d
0,1,1,0,GNVTD04a07.c3d
1,1,0,1,GNVTD04a07.c3d
0,1,3,2,GNVTD05a09.c3d
1,1,0,1,GNVTD05a09.c3d
0,1,1,0,GNVTD05a11.c3d
1,1,1,0,GNVTD05a11.c3d
0,1,1,2,GNVTD05a12.c3d
1,1,1,0,GNVTD05a12.c3d
0,1,1,0,GNVTD05a13.c3d
0,0,2,2,GNVTD05a19.c3d
0,1,2,1,GNVTD05a20.c3d
0,0,2,2,GNVTD06a03.c3d
1,1,2,3,GNVTD06a03.c3d
0,2,5,3,GNVTD06a04.c3d
1,1,4,3,GNVTD06a04.c3d
0,2,1,1,GNVTD06a06.c3d
1,1,2,1,GNVTD06a06.c3d
0,1,0,1,GNVTD07a06.c3d
1,1,1,0,GNVTD07a06.c3d
0,1,0,1,GNVTD07a07.c3d
1,1,2,1,GNVTD07a07.c3d
0,0,1,1,GNVTD07a08.c3d
1,1,1,0,GNVTD07a08.c3d
0,1,2,1,GNVTD07a09.c3d
0,1,1,0,GNVTD08a02.c3d
1,1,2,1,GNVTD08a02.c3d
0,1,1,0,GNVTD08a03.c3d
1,1,3,2,GNVTD08a03.c3d
0,3,2,1,GNVTD08a06.c3d
1,2,2,0,GNVTD08a06.c3d
0,1,4,3,GNVTD09a05.c3d
1,1,3,2,GNVTD09a05.c3d
0,1,3,2,GNVTD09a08.c3d
1,1,4,3,GNVTD09a08.c3d
0,2,4,2,GNVTD09a12.c3d
1,3,4,1,GNVTD09a12.c3d
0,1,4,3,GNVTD10a07.c3d
1,2,4,2,GNVTD10a07.c3d
0,2,4,2,GNVTD10a08.c3d
1,3,4,1,GNVTD10a08.c3d
0,2,4,2,GNVTD10a09.c3d
1,1,5,4,GNVTD10a09.c3d
0,1,2,1,GNVTD12a03.c3d
1,1,3,2,GNVTD12a03.c3d
0,1,2,1,GNVTD12a04.c3d
1,1,3,2,GNVTD12a04.c3d
0,1,1,0,GNVTD12a05.c3d
1,0,1,1,GNVTD12a05.c3d
0,0,1,1,GNVTD12a06.c3d
1,0,1,1,GNVTD12a06.c3d
0,2,2,0,GNVTD12a07.c3d
0,2,1,1,GNVTD15a04.c3d
1,1,3,2,GNVTD15a04.c3d
0,0,4,4,GNVTD15a06.c3d
1,1,3,2,GNVTD15a06.c3d
0,2,4,2,GNVTD15a07.c3d
1,2,3,1,GNVTD15a07.c3d
0,1,4,3,GNVTD16a05.c3d
1,2,4,2,GNVTD16a05.c3d
0,1,4,3,GNVTD16a06.c3d
1,1,3,2,GNVTD16a06.c3d
0,2,4,2,GNVTD16a07.c3d
1,2,4,2,GNVTD16a07.c3d
0,2,3,1,GNVTD17a04.c3d
1,0,3,3,GNVTD17a04.c3d
0,1,3,2,GNVTD17a05.c3d
1,1,4,3,GNVTD17a05.c3d
0,3,3,0,GNVTD17a06.c3d
1,1,5,4,GNVTD17a06.c3d
0,1,2,1,GNVTD18a03.c3d
1,3,2,1,GNVTD18a03.c3d
0,0,2,2,GNVTD18a04.c3d
1,2,1,1,GNVTD18a04.c3d
0,0,0,0,GNVTD18a05.c3d
1,0,1,1,GNVTD18a05.c3d
0,2,2,0,GNVTD20a03.c3d
1,1,0,1,GNVTD20a03.c3d
0,2,3,1,GNVTD20a04.c3d
0,1,3,2,GNVTD20a05.c3d
1,2,1,1,GNVTD20a05.c3d
0,2,1,1,GNVTD20a06.c3d
1,1,0,1,GNVTD20a06.c3d
0,1,1,0,SPO_TD06FAMa04.c3d
1,0,0,0,SPO_TD06FAMa04.c3d
2,0,1,1,SPO_TD06FAMa04.c3d
3,0,1,1,SPO_TD06FAMa04.c3d
0,0,0,0,SPO_TD06FAMa05.c3d
1,1,1,0,SPO_TD06FAMa05.c3d
2,1,0,1,SPO_TD06FAMa05.c3d
3,0,0,0,SPO_TD06FAMa05.c3d
0,0,1,1,SPO_TD06FAMa06.c3d
1,1,1,0,SPO_TD06FAMa06.c3d
2,0,0,0,SPO_TD06FAMa06.c3d
3,1,1,0,SPO_TD06FAMa06.c3d
0,1,0,1,SPO_TD07FASa02.c3d
1,1,1,2,SPO_TD07FASa02.c3d
0,0,1,1,SPO_TD07FASa03.c3d
1,0,2,2,SPO_TD07FASa03.c3d
2,1,1,2,SPO_TD07FASa03.c3d
0,0,1,1,SPO_TD07FASa13.c3d
1,1,1,2,SPO_TD07FASa13.c3d
2,1,1,2,SPO_TD07FASa13.c3d
0,1,2,3,SPO_TD07MJFa07.c3d
1,2,2,0,SPO_TD07MJFa07.c3d
2,0,3,3,SPO_TD07MJFa07.c3d
3,0,3,3,SPO_TD07MJFa07.c3d
0,0,3,3,SPO_TD07MJFa09.c3d
1,1,2,3,SPO_TD07MJFa09.c3d
2,0,2,2,SPO_TD07MJFa09.c3d
3,0,3,3,SPO_TD07MJFa09.c3d
0,2,1,1,SPO_TD08FKBa02.c3d
1,0,2,2,SPO_TD08FKBa02.c3d
2,1,2,1,SPO_TD08FKBa02.c3d
0,1,2,3,SPO_TD08FKBa04.c3d
1,1,3,4,SPO_TD08FKBa04.c3d
2,1,1,2,SPO_TD08FKBa04.c3d
0,0,3,3,SPO_TD08FKBa06.c3d
1,0,2,2,SPO_TD08FKBa06.c3d
2,1,2,1,SPO_TD08FKBa06.c3d
0,0,2,2,SPO_TD09FHMa07.c3d
1,0,3,3,SPO_TD09FHMa07.c3d
2,0,2,2,SPO_TD09FHMa07.c3d
0,1,2,3,SPO_TD09FHMa10.c3d
1,0,2,2,SPO_TD09FHMa10.c3d
2,0,2,2,SPO_TD09FHMa10.c3d
3,1,1,2,SPO_TD09FHMa10.c3d
0,0,2,2,SPO_TD09FHMa11.c3d
1,0,2,2,SPO_TD09FHMa11.c3d
2,0,2,2,SPO_TD09FHMa11.c3d
3,0,2,2,SPO_TD09FHMa11.c3d
0,1,1,2,SPO_TD09FKFa09.c3d
1,3,1,4,SPO_TD09FKFa09.c3d
0,0,1,1,SPO_TD09FKFa14.c3d
1,0,2,2,SPO_TD09FKFa14.c3d
2,1,1,2,SPO_TD09FKFa14.c3d
0,2,0,2,SPO_TD09FLMa04.c3d
1,0,1,1,SPO_TD09FLMa04.c3d
2,3,1,2,SPO_TD09FLMa04.c3d
0,4,3,1,SPO_TD09FLMa09.c3d
1,1,1,0,SPO_TD09FLMa09.c3d
2,0,2,2,SPO_TD09FLMa09.c3d
0,3,3,0,SPO_TD09FLMa15.c3d
1,0,1,1,SPO_TD09FLMa15.c3d
2,0,2,2,SPO_TD09FLMa15.c3d
0,3,2,1,SPO_TD09MOBa07.c3d
1,3,1,2,SPO_TD09MOBa07.c3d
0,0,1,1,SPO_TD09MOBa10.c3d
1,2,0,2,SPO_TD09MOBa10.c3d
2,0,3,3,SPO_TD09MOBa10.c3d
0,2,2,0,SPO_TD09MOBa11.c3d
1,2,0,2,SPO_TD09MOBa11.c3d
2,2,2,0,SPO_TD09MOBa11.c3d
3,2,1,1,SPO_TD09MOBa11.c3d
0,1,0,1,SPO_TD10FLBa08.c3d
1,0,1,1,SPO_TD10FLBa08.c3d
2,3,0,3,SPO_TD10FLBa08.c3d
3,0,2,2,SPO_TD10FLBa08.c3d
0,0,1,1,SPO_TD10FLBa18.c3d
1,0,1,1,SPO_TD10FLBa18.c3d
2,1,1,2,SPO_TD10FLBa18.c3d
3,0,1,1,SPO_TD10FLBa18.c3d
0,1,1,2,SPO_TD10FLBa19.c3d
1,0,0,0,SPO_TD10FLBa19.c3d
2,1,1,2,SPO_TD10FLBa19.c3d
3,0,0,0,SPO_TD10FLBa19.c3d
0,0,2,2,SPO_TD10FMYa08.c3d
1,0,3,3,SPO_TD10FMYa08.c3d
2,1,1,2,SPO_TD10FMYa08.c3d
3,0,2,2,SPO_TD10FMYa08.c3d
0,1,2,3,SPO_TD10FMYa09.c3d
1,0,2,2,SPO_TD10FMYa09.c3d
2,1,0,1,SPO_TD10FMYa09.c3d
3,0,2,2,SPO_TD10FMYa09.c3d
0,0,3,3,SPO_TD10FMYa13.c3d
1,1,0,1,SPO_TD10FMYa13.c3d
2,0,2,2,SPO_TD10FMYa13.c3d
3,0,2,2,SPO_TD10FMYa13.c3d
0,0,1,1,SPO_TD11FENa05.c3d
1,0,1,1,SPO_TD11FENa05.c3d
2,1,0,1,SPO_TD11FENa05.c3d
3,3,1,2,SPO_TD11FENa05.c3d
0,0,0,0,SPO_TD11FENa12.c3d
1,1,0,1,SPO_TD11FENa12.c3d
2,1,0,1,SPO_TD11FENa12.c3d
3,1,1,2,SPO_TD11FENa12.c3d
0,0,0,0,SPO_TD11FENa14.c3d
1,0,0,0,SPO_TD11FENa14.c3d
2,0,0,0,SPO_TD11FENa14.c3d
3,0,0,0,SPO_TD11FENa14.c3d
0,2,1,3,SPO_TD11FJSa12.c3d
1,0,4,4,SPO_TD11FJSa12.c3d
2,0,3,3,SPO_TD11FJSa12.c3d
0,1,3,4,SPO_TD11FJSa13.c3d
1,0,3,3,SPO_TD11FJSa13.c3d
2,0,4,4,SPO_TD11FJSa13.c3d
3,0,4,4,SPO_TD11FJSa13.c3d
0,0,3,3,SPO_TD11FJSa17.c3d
1,0,1,1,SPO_TD11FJSa17.c3d
2,0,2,2,SPO_TD11FJSa17.c3d
0,0,2,2,SPO_TD11FLPa09.c3d
1,1,1,2,SPO_TD11FLPa09.c3d
2,0,3,3,SPO_TD11FLPa09.c3d
0,0,2,2,SPO_TD11FLPa10.c3d
1,0,2,2,SPO_TD11FLPa10.c3d
2,2,0,2,SPO_TD11FLPa10.c3d
0,0,0,0,SPO_TD11FLPa15.c3d
1,2,0,2,SPO_TD11FLPa15.c3d
2,0,2,2,SPO_TD11FLPa15.c3d
0,0,2,2,SPO_TD11MRBa04.c3d
1,0,2,2,SPO_TD11MRBa04.c3d
2,0,0,0,SPO_TD11MRBa04.c3d
3,0,2,2,SPO_TD11MRBa04.c3d
0,3,1,4,SPO_TD11MRBa11.c3d
1,1,0,1,SPO_TD11MRBa11.c3d
2,0,2,2,SPO_TD11MRBa11.c3d
0,1,1,2,SPO_TD12FMP06.c3d
1,0,3,3,SPO_TD12FMP06.c3d
2,2,0,2,SPO_TD12FMP06.c3d
0,1,0,1,SPO_TD12FMP10.c3d
1,1,3,2,SPO_TD12FMP10.c3d
2,4,0,4,SPO_TD12FMP10.c3d
0,0,3,3,SPO_TD12MTTa04.c3d
1,0,3,3,SPO_TD12MTTa04.c3d
2,0,4,4,SPO_TD12MTTa04.c3d
3,0,4,4,SPO_TD12MTTa04.c3d
0,2,2,4,SPO_TD12MTTa07.c3d
1,0,3,3,SPO_TD12MTTa07.c3d
2,0,3,3,SPO_TD12MTTa07.c3d
3,1,1,2,SPO_TD12MTTa07.c3d
0,1,1,2,SPO_TD13MEMa02.c3d
1,1,1,0,SPO_TD13MEMa02.c3d
2,0,0,0,SPO_TD13MEMa02.c3d
0,1,1,2,SPO_TD13MEMa04.c3d
1,1,1,0,SPO_TD13MEMa04.c3d
2,0,0,0,SPO_TD13MEMa04.c3d
0,0,0,0,SPO_TD13MEMa06.c3d
1,1,0,1,SPO_TD13MEMa06.c3d
2,0,0,0,SPO_TD13MEMa06.c3d
0,0,0,0,SPO_TD14FCKa03.c3d
1,0,0,0,SPO_TD14FCKa03.c3d
2,0,0,0,SPO_TD14FCKa03.c3d
0,1,1,2,SPO_TD14FCKa05.c3d
1,0,1,1,SPO_TD14FCKa05.c3d
2,1,2,1,SPO_TD14FCKa05.c3d
0,0,1,1,SPO_TD14FCKa07.c3d
1,1,1,0,SPO_TD14FCKa07.c3d
2,1,0,1,SPO_TD14FCKa07.c3d
0,0,1,1,SPO_TD14FGNa07.c3d
1,0,0,0,SPO_TD14FGNa07.c3d
2,0,1,1,SPO_TD14FGNa07.c3d
3,1,0,1,SPO_TD14FGNa07.c3d
0,0,0,0,SPO_TD14FGNa10.c3d
1,0,0,0,SPO_TD14FGNa10.c3d
2,0,1,1,SPO_TD14FGNa10.c3d
3,0,0,0,SPO_TD14FGNa10.c3d
0,0,0,0,SPO_TD14FMGa07.c3d
1,0,1,1,SPO_TD14FMGa07.c3d
2,0,1,1,SPO_TD14FMGa07.c3d
0,0,1,1,SPO_TD14FMGa12.c3d
1,2,0,2,SPO_TD14FMGa12.c3d
0,1,0,1,SPO_TD14FMKa06.c3d
1,0,0,0,SPO_TD14FMKa06.c3d
2,1,1,0,SPO_TD14FMKa06.c3d
3,0,1,1,SPO_TD14FMKa06.c3d
0,1,1,0,SPO_TD14FMKa09.c3d
1,0,1,1,SPO_TD14FMKa09.c3d
2,0,0,0,SPO_TD14FMKa09.c3d
0,0,1,1,SPO_TD14FMKa17.c3d
1,1,1,0,SPO_TD14FMKa17.c3d
2,0,0,0,SPO_TD14FMKa17.c3d
3,8,8,0,SPO_TD14FMKa17.c3d
0,0,1,1,SPO_TD14MLSa12.c3d
1,0,1,1,SPO_TD14MLSa12.c3d
2,0,0,0,SPO_TD14MLSa12.c3d
0,0,0,0,SPO_TD14MLSa14.c3d
1,1,1,0,SPO_TD14MLSa14.c3d
2,1,0,1,SPO_TD14MLSa14.c3d
3,1,0,1,SPO_TD14MLSa14.c3d
0,1,0,1,SPO_TD15FAFa06.c3d
1,1,0,1,SPO_TD15FAFa06.c3d
2,0,0,0,SPO_TD15FAFa06.c3d
0,1,1,0,SPO_TD15FAFa10.c3d
1,1,0,1,SPO_TD15FAFa10.c3d
2,1,1,0,SPO_TD15FAFa10.c3d
0,0,0,0,SPO_TD15FBBa04.c3d
1,1,1,0,SPO_TD15FBBa04.c3d
2,1,1,0,SPO_TD15FBBa04.c3d
3,0,1,1,SPO_TD15FBBa04.c3d
0,0,0,0,SPO_TD15FBBa10.c3d
1,0,1,1,SPO_TD15FBBa10.c3d
2,0,0,0,SPO_TD15FBBa10.c3d
3,1,2,1,SPO_TD15FBBa10.c3d
0,0,0,0,SPO_TD15FBBa11.c3d
1,1,2,1,SPO_TD15FBBa11.c3d
2,0,0,0,SPO_TD15FBBa11.c3d
0,1,1,0,SPO_TD16FMMa13.c3d
1,0,1,1,SPO_TD16FMMa13.c3d
2,0,0,0,SPO_TD16FMMa13.c3d
3,1,0,1,SPO_TD16FMMa13.c3d
0,0,0,0,SPO_TD16FMMa15.c3d
1,1,1,0,SPO_TD16FMMa15.c3d
2,1,0,1,SPO_TD16FMMa15.c3d
3,0,0,0,SPO_TD16FMMa15.c3d
0,0,0,0,SPO_TD17FCL08.c3d
1,0,0,0,SPO_TD17FCL08.c3d
2,0,0,0,SPO_TD17FCL08.c3d
3,0,0,0,SPO_TD17FCL08.c3d
0,0,0,0,SPO_TD17FCL09.c3d
1,0,1,1,SPO_TD17FCL09.c3d
2,1,3,2,SPO_TD17FCL09.c3d
3,0,2,2,SPO_TD17FCL09.c3d
0,0,0,0,SPO_TD17FCL11.c3d
1,1,2,1,SPO_TD17FCL11.c3d
2,0,0,0,SPO_TD17FCL11.c3d
3,0,0,0,SPO_TD17FCL11.c3d
0,1,1,0,SPO_TD18MSTa05.c3d
1,1,2,1,SPO_TD18MSTa05.c3d
2,0,1,1,SPO_TD18MSTa05.c3d
0,0,0,0,SPO_TD18MSTa09.c3d
1,0,0,0,SPO_TD18MSTa09.c3d
2,0,1,1,SPO_TD18MSTa09.c3d
3,0,0,0,SPO_TD18MSTa09.c3d
0,0,1,1,SPO_TD18MSTa10.c3d
1,0,1,1,SPO_TD18MSTa10.c3d
2,0,0,0,SPO_TD18MSTa10.c3d
3,0,0,0,SPO_TD18MSTa10.c3d
0,2,1,1,SPO_TD20FEHa13.c3d
1,2,2,0,SPO_TD20FEHa13.c3d
0,1,0,1,SPO_TD20FEHa15.c3d
1,2,1,1,SPO_TD20FEHa15.c3d
2,2,0,2,SPO_TD20FEHa15.c3d
0,0,1,1,SPO_TD20MJM03.c3d
1,0,0,0,SPO_TD20MJM03.c3d
2,0,1,1,SPO_TD20MJM03.c3d
0,0,0,0,SPO_TD20MJM08.c3d
1,0,0,0,SPO_TD20MJM08.c3d
2,3,2,1,SPO_TD20MJM08.c3d
3,0,0,0,SPO_TD20MJM08.c3d
0,0,1,1,SPO_TD21FYM04.c3d
1,1,1,2,SPO_TD21FYM04.c3d
2,0,1,1,SPO_TD21FYM04.c3d
0,0,1,1,SPO_TD21FYM05.c3d
1,0,2,2,SPO_TD21FYM05.c3d
0,1,2,3,SPO_TD21FYM07.c3d
1,0,1,1,SPO_TD21FYM07.c3d
2,1,2,3,SPO_TD21FYM07.c3d
0,0,1,1,SPO_TD21MATa11.c3d
1,1,2,1,SPO_TD21MATa11.c3d
2,1,1,0,SPO_TD21MATa11.c3d
0,1,1,0,SPO_TD21MATa14.c3d
1,0,0,0,SPO_TD21MATa14.c3d
2,1,2,1,SPO_TD21MATa14.c3d
3,1,0,1,SPO_TD21MATa14.c3d
0,0,0,0,SPO_TD21MRMa08.c3d
1,0,0,0,SPO_TD21MRMa08.c3d
2,1,1,0,SPO_TD21MRMa08.c3d
3,0,1,1,SPO_TD21MRMa08.c3d
0,0,1,1,TD001_30.c3d
1,0,0,0,TD001_30.c3d
2,0,0,0,TD001_30.c3d
3,0,1,1,TD001_30.c3d
0,1,1,0,TD001_31.c3d
1,0,0,0,TD001_31.c3d
0,0,0,0,TD001_32.c3d
1,1,1,0,TD001_32.c3d
2,1,0,1,TD001_32.c3d
3,1,1,0,TD001_32.c3d
0,1,0,1,TD001_34.c3d
0,1,1,0,TD001_40.c3d
1,4,3,1,TD001_40.c3d
0,1,0,1,TD001_45.c3d
1,1,1,0,TD001_45.c3d
2,0,0,0,TD001_45.c3d
3,0,1,1,TD001_45.c3d
0,1,1,0,TD001_46.c3d
1,0,3,3,TD001_46.c3d
0,0,1,1,TD002_33.c3d
1,1,0,1,TD002_33.c3d
2,0,1,1,TD002_33.c3d
3,1,1,2,TD002_33.c3d
0,1,1,2,TD002_36.c3d
1,0,2,2,TD002_36.c3d
2,0,1,1,TD002_36.c3d
0,0,1,1,TD002_38.c3d
1,1,1,2,TD002_38.c3d
2,1,0,1,TD002_38.c3d
0,1,1,2,TD002_42.c3d
1,1,0,1,TD002_42.c3d
2,1,1,2,TD002_42.c3d
0,1,2,3,TD002_43.c3d
1,0,0,0,TD002_43.c3d
2,0,1,1,TD002_43.c3d
3,1,1,2,TD002_43.c3d
0,0,0,0,TD003_35.c3d
1,0,1,1,TD003_35.c3d
0,0,0,0,TD004_24.c3d
1,1,1,2,TD004_24.c3d
2,2,0,2,TD004_24.c3d
3,1,2,3,TD004_24.c3d
0,0,1,1,TD004_27.c3d
1,0,1,1,TD004_27.c3d
2,1,1,2,TD004_27.c3d
3,1,2,3,TD004_27.c3d
0,1,1,2,TD004_29.c3d
1,1,1,2,TD004_29.c3d
2,2,1,3,TD004_29.c3d
3,0,1,1,TD004_29.c3d
0,1,0,1,TD004_35.c3d
1,2,0,2,TD004_35.c3d
2,2,0,2,TD004_35.c3d
3,1,0,1,TD004_35.c3d
0,0,6,6,TD005_19.c3d
1,1,5,4,TD005_19.c3d
2,0,4,4,TD005_19.c3d
0,0,2,2,TD005_20.c3d
1,1,4,3,TD005_20.c3d
2,0,1,1,TD005_20.c3d
3,1,4,3,TD005_20.c3d
0,0,2,2,TD005_22.c3d
1,0,3,3,TD005_22.c3d
2,0,4,4,TD005_22.c3d
3,0,2,2,TD005_22.c3d
0,0,2,2,TD005_23.c3d
1,0,0,0,TD005_23.c3d
2,0,1,1,TD005_23.c3d
3,0,2,2,TD005_23.c3d
0,0,0,0,TD005_24.c3d
1,0,2,2,TD005_24.c3d
2,0,3,3,TD005_24.c3d
3,0,1,1,TD005_24.c3d
0,0,3,3,TD005_25.c3d
1,0,0,0,TD005_25.c3d
2,0,2,2,TD005_25.c3d
3,0,0,0,TD005_25.c3d
0,0,4,4,TD005_26.c3d
1,0,3,3,TD005_26.c3d
2,0,0,0,TD005_26.c3d
3,0,0,0,TD005_26.c3d
0,1,3,2,TD006_12.c3d
2,6,6,0,TD006_12.c3d
3,0,2,2,TD006_12.c3d
0,2,3,1,TD006_14.c3d
1,1,1,2,TD006_14.c3d
2,0,2,2,TD006_14.c3d
3,1,0,1,TD006_14.c3d
0,0,3,3,TD006_17.c3d
1,1,1,2,TD006_17.c3d
2,1,3,2,TD006_17.c3d
3,2,2,0,TD006_17.c3d
0,1,4,3,TD006_18.c3d
1,0,2,2,TD006_18.c3d
2,0,3,3,TD006_18.c3d
0,0,1,1,TD007_24.c3d
1,1,0,1,TD007_24.c3d
2,0,0,0,TD007_24.c3d
0,1,0,1,TD007_25.c3d
1,1,0,1,TD007_25.c3d
2,0,1,1,TD007_25.c3d
3,0,1,1,TD007_25.c3d
0,0,1,1,TD008_22.c3d
1,0,0,0,TD008_22.c3d
2,0,0,0,TD008_22.c3d
3,0,1,1,TD008_22.c3d
0,1,0,1,TD008_23.c3d
0,0,0,0,TD008_28.c3d
1,0,1,1,TD008_28.c3d
2,1,0,1,TD008_28.c3d
3,1,1,0,TD008_28.c3d
0,0,1,1,TD008_33.c3d
1,1,0,1,TD008_33.c3d
2,1,1,0,TD008_33.c3d
3,0,0,0,TD008_33.c3d
0,0,3,3,TD011_21.c3d
1,0,4,4,TD011_21.c3d
2,1,4,3,TD011_21.c3d
0,0,5,5,TD011_24.c3d
1,0,4,4,TD011_24.c3d
2,1,5,4,TD011_24.c3d
3,0,4,4,TD011_24.c3d
0,1,4,3,TD011_26.c3d
1,2,3,1,TD011_26.c3d
2,0,4,4,TD011_26.c3d
0,1,5,4,TD011_28.c3d
1,0,3,3,TD011_28.c3d
2,1,3,2,TD011_28.c3d
0,0,2,2,TD012_08.c3d
1,0,0,0,TD012_08.c3d
2,0,1,1,TD012_08.c3d
0,0,2,2,TD012_21.c3d
1,0,3,3,TD012_21.c3d
2,0,3,3,TD012_21.c3d
1,0,5,5,TD012_22.c3d
2,2,4,2,TD012_22.c3d
0,0,2,2,TD013_10.c3d
1,0,2,2,TD013_10.c3d
2,0,2,2,TD013_10.c3d
3,1,5,4,TD013_10.c3d
0,0,3,3,TD013_12.c3d
1,0,3,3,TD013_12.c3d
2,1,4,3,TD013_12.c3d
3,1,4,3,TD013_12.c3d
0,0,4,4,TD013_13.c3d
1,1,5,4,TD013_13.c3d
2,0,3,3,TD013_13.c3d
0,0,4,4,TD013_14.c3d
1,0,4,4,TD013_14.c3d
2,0,3,3,TD013_14.c3d
0,1,3,2,TD013_16.c3d
1,0,6,6,TD013_16.c3d
2,0,3,3,TD013_16.c3d
3,1,5,4,TD013_16.c3d
0,0,2,2,TD014_18.c3d
1,0,2,2,TD014_18.c3d
2,1,3,2,TD014_18.c3d
0,0,3,3,TD014_19.c3d
1,1,4,3,TD014_19.c3d
2,0,3,3,TD014_19.c3d
3,0,3,3,TD014_19.c3d
0,0,3,3,TD014_20.c3d
1,0,2,2,TD014_20.c3d
2,1,3,2,TD014_20.c3d
0,1,2,1,TD014_28.c3d
1,1,3,2,TD014_28.c3d
2,1,3,2,TD014_28.c3d
3,0,3,3,TD014_28.c3d
0,0,2,2,TD014_29.c3d
1,0,2,2,TD014_29.c3d
2,1,2,1,TD014_29.c3d
3,0,1,1,TD014_29.c3d
0,0,2,2,TD015_04.c3d
1,0,0,0,TD015_04.c3d
2,1,2,1,TD015_04.c3d
0,0,2,2,TD015_16.c3d
1,1,2,1,TD015_16.c3d
2,1,5,4,TD015_16.c3d
0,1,2,1,TD015_17.c3d
1,0,1,1,TD015_17.c3d
2,1,2,1,TD015_17.c3d
0,0,1,1,TD015_22.c3d
1,1,2,1,TD015_22.c3d
2,0,1,1,TD015_22.c3d
3,0,1,1,TD015_22.c3d
0,0,2,2,TD015_23.c3d
1,0,1,1,TD015_23.c3d
2,1,3,2,TD015_23.c3d
3,1,2,1,TD015_23.c3d
0,1,4,3,TD016_05.c3d
1,0,3,3,TD016_05.c3d
2,0,3,3,TD016_05.c3d
0,0,4,4,TD016_07.c3d
1,0,4,4,TD016_07.c3d
2,1,4,3,TD016_07.c3d
0,3,4,1,TD016_08.c3d
1,0,3,3,TD016_08.c3d
0,0,3,3,TD016_09.c3d
1,1,3,2,TD016_09.c3d
2,0,2,2,TD016_09.c3d
3,1,3,2,TD016_09.c3d
0,2,2,0,TD016_13.c3d
1,0,3,3,TD016_13.c3d
2,0,4,4,TD016_13.c3d
3,0,4,4,TD016_13.c3d
0,5,4,1,TD017_04.c3d
1,0,3,3,TD017_04.c3d
2,1,3,2,TD017_04.c3d
0,0,3,3,TD017_05.c3d
1,1,3,2,TD017_05.c3d
2,1,3,2,TD017_05.c3d
0,0,3,3,TD017_06.c3d
1,1,3,2,TD017_06.c3d
2,1,3,2,TD017_06.c3d
3,1,3,2,TD017_06.c3d
0,1,4,3,TD017_07.c3d
1,1,3,2,TD017_07.c3d
2,0,3,3,TD017_07.c3d
0,1,4,3,TD019_05.c3d
1,0,4,4,TD019_05.c3d
2,0,2,2,TD019_05.c3d
3,1,5,4,TD019_05.c3d
0,1,5,4,TD019_06.c3d
1,0,1,1,TD019_06.c3d
2,0,3,3,TD019_06.c3d
3,0,3,3,TD019_06.c3d
0,1,3,2,TD019_07.c3d
1,1,5,4,TD019_07.c3d
2,0,1,1,TD019_07.c3d
0,0,1,1,TD019_11.c3d
1,0,2,2,TD019_11.c3d
2,0,2,2,TD019_11.c3d
3,0,3,3,TD019_11.c3d
0,1,3,2,TD019_12.c3d
1,0,2,2,TD019_12.c3d
2,0,2,2,TD019_12.c3d
3,1,4,3,TD019_12.c3d
0,0,1,1,TD020_40.c3d
1,1,2,1,TD020_40.c3d
2,0,2,2,TD020_40.c3d
0,0,2,2,TD020_41.c3d
1,0,3,3,TD020_41.c3d
2,1,5,4,TD020_41.c3d
0,1,0,1,TD020_50.c3d
1,1,1,0,TD020_50.c3d
2,0,2,2,TD020_50.c3d
0,1,1,0,TD020_51.c3d
1,0,2,2,TD020_51.c3d
2,0,0,0,TD020_51.c3d
3,1,2,1,TD020_51.c3d
0,1,0,1,TD020_52.c3d
1,1,2,1,TD020_52.c3d
2,0,1,1,TD020_52.c3d
0,0,1,1,TD021_23.c3d
1,1,3,2,TD021_23.c3d
2,0,1,1,TD021_23.c3d
3,0,1,1,TD021_23.c3d
0,4,6,2,TD022_06.c3d
1,1,3,2,TD022_06.c3d
2,0,2,2,TD022_06.c3d
0,0,3,3,TD023_05.c3d
1,0,2,2,TD023_05.c3d
2,0,1,1,TD023_05.c3d
0,1,5,4,TD023_08.c3d
0,1,3,2,TD024_31.c3d
1,1,2,1,TD024_31.c3d
2,0,3,3,TD024_31.c3d
0,1,2,1,TD024_33.c3d
1,0,1,1,TD024_33.c3d
2,1,3,2,TD024_33.c3d
0,1,2,3,TD05MINa03.c3d
1,0,3,3,TD05MINa03.c3d
2,0,2,2,TD05MINa03.c3d
0,1,1,0,TD06FAMa04.c3d
1,0,0,0,TD06FAMa04.c3d
2,0,1,1,TD06FAMa04.c3d
0,1,0,1,TD07FASa02.c3d
1,1,0,1,TD07FASa02.c3d
0,1,2,3,TD07MJFa07.c3d
1,2,2,0,TD07MJFa07.c3d
2,1,2,3,TD07MJFa07.c3d
3,1,2,3,TD07MJFa07.c3d
0,2,2,0,TD09FKBa02.c3d
1,0,2,2,TD09FKBa02.c3d
2,1,2,1,TD09FKBa02.c3d
0,0,1,1,TD09MOBa10.c3d
1,1,1,2,TD09MOBa10.c3d
2,1,1,2,TD09MOBa10.c3d
0,1,0,1,TD10FLBa08.c3d
1,0,1,1,TD10FLBa08.c3d
2,2,1,3,TD10FLBa08.c3d
3,1,1,2,TD10FLBa08.c3d
0,1,1,0,TD11FENa14.c3d
1,0,0,0,TD11FENa14.c3d
2,0,0,0,TD11FENa14.c3d
3,0,0,0,TD11FENa14.c3d
0,0,0,0,TD14FCKa03.c3d
1,0,0,0,TD14FCKa03.c3d
2,0,0,0,TD14FCKa03.c3d
0,0,0,0,TD15FBBa11.c3d
1,0,1,1,TD15FBBa11.c3d
2,0,0,0,TD15FBBa11.c3d
0,0,0,0,TD16FMMa13.c3d
1,0,1,1,TD16FMMa13.c3d
2,0,0,0,TD16FMMa13.c3d
3,0,1,1,TD16FMMa13.c3d
0,0,0,0,TD17FCL11.c3d
1,0,1,1,TD17FCL11.c3d
2,0,0,0,TD17FCL11.c3d
3,0,0,0,TD17FCL11.c3d
0,0,0,0,TD18MSTa05.c3d
1,0,1,1,TD18MSTa05.c3d
2,1,0,1,TD18MSTa05.c3d
